fips,state,county,medinc
01001,01,001,53773
01003,01,003,50706
01005,01,005,31889
01007,01,007,36824
01009,01,009,45192
01011,01,011,34500
01013,01,013,30752
01015,01,015,40093
01017,01,017,32181
01019,01,019,36241
01021,01,021,40834
01023,01,023,35123
01025,01,025,30954
01027,01,027,34556
01029,01,029,37244
01031,01,031,44626
01033,01,033,40158
01035,01,035,27064
01037,01,037,37425
01039,01,039,35321
01041,01,041,37309
01043,01,043,39244
01045,01,045,45247
01047,01,047,26178
01049,01,049,36853
01051,01,051,55514
01053,01,053,31075
01055,01,055,37660
01057,01,057,33090
01059,01,059,37235
01061,01,061,33618
01063,01,063,23777
01065,01,065,29409
01067,01,067,40680
01069,01,069,41828
01071,01,071,37059
01073,01,073,45415
01075,01,075,35271
01077,01,077,40701
01079,01,079,39526
01081,01,081,43189
01083,01,083,48197
01085,01,085,28023
01087,01,087,27957
01089,01,089,58242
01091,01,091,34515
01093,01,093,31970
01095,01,095,38649
01097,01,097,42973
01099,01,099,30996
01101,01,101,44401
01103,01,103,45852
01105,01,105,31008
01107,01,107,28762
01109,01,109,31702
01111,01,111,35074
01113,01,113,33591
01115,01,115,49652
01117,01,117,69379
01119,01,119,22655
01121,01,121,35209
01123,01,123,38611
01125,01,125,43996
01127,01,127,37408
01129,01,129,42256
01131,01,131,24212
01133,01,133,32830
02013,02,013,58125
02016,02,016,77292
02020,02,020,76495
02050,02,050,52349
02060,02,060,79931
02068,02,068,74044
02070,02,070,56857
02090,02,090,69485
02100,02,100,50208
02105,02,105,48942
02110,02,110,78947
02122,02,122,59421
02130,02,130,59736
02150,02,150,70976
02164,02,164,49808
02170,02,170,70728
02180,02,180,51472
02185,02,185,76679
02188,02,188,60870
02195,02,195,61696
02198,02,198,45774
02220,02,220,66895
02230,02,230,71583
02240,02,240,62712
02261,02,261,67421
02270,02,270,40608
02275,02,275,47348
02282,02,282,71705
02290,02,290,35559
04001,04,001,31615
04003,04,003,45505
04005,04,005,48320
04007,04,007,38504
04009,04,009,44421
04011,04,011,49692
04012,04,012,35093
04013,04,013,54385
04015,04,015,39383
04017,04,017,37683
04019,04,019,46443
04021,04,021,50164
04023,04,023,37692
04025,04,025,43652
04027,04,027,41156
05001,05,001,39883
05003,05,003,38069
05005,05,005,35209
05007,05,007,53515
05009,05,009,38364
05011,05,011,32321
05013,05,013,31425
05015,05,015,35558
05017,05,017,25188
05019,05,019,32393
05021,05,021,32695
05023,05,023,39410
05025,05,025,38060
05027,05,027,34895
05029,05,029,32625
05031,05,031,41054
05033,05,033,39981
05035,05,035,36521
05037,05,037,39665
05039,05,039,30309
05041,05,041,29504
05043,05,043,32087
05045,05,045,49008
05047,05,047,35918
05049,05,049,35059
05051,05,051,38680
05053,05,053,49063
05055,05,055,38481
05057,05,057,31193
05059,05,059,39652
05061,05,061,35236
05063,05,063,34374
05065,05,065,31011
05067,05,067,31692
05069,05,069,37561
05071,05,071,32198
05073,05,073,28633
05075,05,075,32205
05077,05,077,26098
05079,05,079,34107
05081,05,081,39042
05083,05,083,37237
05085,05,085,51499
05087,05,087,33481
05089,05,089,33497
05091,05,091,40314
05093,05,093,35651
05095,05,095,28075
05097,05,097,33240
05099,05,099,35578
05101,05,101,27790
05103,05,103,32032
05105,05,105,42738
05107,05,107,27219
05109,05,109,32087
05111,05,111,31743
05113,05,113,33479
05115,05,115,40948
05117,05,117,35806
05119,05,119,46102
05121,05,121,32539
05123,05,123,30104
05125,05,125,53817
05127,05,127,38130
05129,05,129,30301
05131,05,131,40247
05133,05,133,32081
05135,05,135,30240
05137,05,137,32834
05139,05,139,39349
05141,05,141,33900
05143,05,143,41429
05145,05,145,41410
05147,05,147,28061
05149,05,149,38245
06001,06,001,71516
06003,06,003,59931
06005,06,005,53462
06007,06,007,43339
06009,06,009,54686
06011,06,011,52165
06013,06,013,78187
06015,06,015,39626
06017,06,017,70117
06019,06,019,45741
06021,06,021,42641
06023,06,023,40830
06025,06,025,41255
06027,06,027,45000
06029,06,029,47727
06031,06,031,48761
06033,06,033,38147
06035,06,035,51921
06037,06,037,56241
06039,06,039,47937
06041,06,041,90962
06043,06,043,52584
06045,06,045,43721
06047,06,047,43565
06049,06,049,37482
06051,06,051,61868
06053,06,053,60143
06055,06,055,69571
06057,06,057,57382
06059,06,059,75566
06061,06,061,73356
06063,06,063,45358
06065,06,065,57096
06067,06,067,55846
06069,06,069,63939
06071,06,071,54750
06073,06,073,63373
06075,06,075,73802
06077,06,077,53895
06079,06,079,59628
06081,06,081,87751
06083,06,083,62723
06085,06,085,90747
06087,06,087,66571
06089,06,089,44396
06091,06,091,42500
06093,06,093,37948
06095,06,095,69006
06097,06,097,63565
06099,06,099,49866
06101,06,101,50510
06103,06,103,40307
06105,06,105,36569
06107,06,107,43803
06109,06,109,48169
06111,06,111,76483
06113,06,113,57260
06115,06,115,46641
08001,08,001,56633
08003,08,003,38045
08005,08,005,60400
08007,08,007,54007
08009,08,009,39497
08011,08,011,36297
08013,08,013,67403
08014,08,014,80483
08015,08,015,45713
08017,08,017,50357
08019,08,019,60517
08021,08,021,32860
08023,08,023,25309
08025,08,025,38507
08027,08,027,42534
08029,08,029,42786
08031,08,031,49091
08033,08,033,43098
08035,08,035,101108
08037,08,037,71030
08039,08,039,80811
08041,08,041,57531
08043,08,043,40893
08045,08,045,60215
08047,08,047,62286
08049,08,049,64416
08051,08,051,50091
08053,08,053,54844
08055,08,055,32754
08057,08,057,45298
08059,08,059,68748
08061,08,061,41739
08063,08,063,42832
08065,08,065,45082
08067,08,067,57407
08069,08,069,57927
08071,08,071,41623
08073,08,073,43807
08075,08,075,41369
08077,08,077,51029
08079,08,079,52750
08081,08,081,51008
08083,08,083,44102
08085,08,085,47139
08087,08,087,42829
08089,08,089,31860
08091,08,091,66474
08093,08,093,62594
08095,08,095,45339
08097,08,097,68621
08099,08,099,33671
08101,08,101,41820
08103,08,103,58393
08105,08,105,38329
08107,08,107,65041
08109,08,109,32429
08111,08,111,37330
08113,08,113,63766
08115,08,115,38401
08117,08,117,64680
08119,08,119,57970
08121,08,121,43925
08123,08,123,56589
08125,08,125,45033
09001,09,001,82614
09003,09,003,64752
09005,09,005,71345
09007,09,007,76659
09009,09,009,62234
09011,09,011,68310
09013,09,013,80887
09015,09,015,58489
10001,10,001,55786
10003,10,003,64670
10005,10,005,52692
11001,11,001,64267
12001,12,001,42818
12003,12,003,47149
12005,12,005,47364
12007,12,007,39082
12009,12,009,49099
12011,12,011,51603
12013,12,013,32480
12015,12,015,44596
12017,12,017,39034
12019,12,019,59649
12021,12,021,56104
12023,12,023,37534
12027,12,027,35683
12029,12,029,35476
12031,12,031,48906
12033,12,033,43806
12035,12,035,48134
12037,12,037,37428
12039,12,039,35593
12041,12,041,36521
12043,12,043,35219
12045,12,045,39535
12047,12,047,36875
12049,12,049,36115
12051,12,051,35736
12053,12,053,41098
12055,12,055,35350
12057,12,057,49450
12059,12,059,34928
12061,12,061,45274
12063,12,063,38917
12065,12,065,41163
12067,12,067,44180
12069,12,069,45663
12071,12,071,48453
12073,12,073,45915
12075,12,075,35093
12077,12,077,39225
12079,12,079,34361
12081,12,081,47910
12083,12,083,39770
12085,12,085,50573
12086,12,086,43464
12087,12,087,53418
12089,12,089,57163
12091,12,091,54118
12093,12,093,34289
12095,12,095,48429
12097,12,097,44887
12099,12,099,52806
12101,12,101,43787
12103,12,103,46051
12105,12,105,43606
12107,12,107,34429
12109,12,109,64346
12111,12,111,43923
12113,12,113,57491
12115,12,115,48900
12117,12,117,58577
12119,12,119,46981
12121,12,121,36159
12123,12,123,34634
12125,12,125,43750
12127,12,127,43419
12129,12,129,53385
12131,12,131,44254
12133,12,133,38536
13001,13,001,35875
13003,13,003,28682
13005,13,005,33557
13007,13,007,24219
13009,13,009,35278
13011,13,011,40162
13013,13,013,51202
13015,13,015,49543
13017,13,017,29162
13019,13,019,31506
13021,13,021,37920
13023,13,023,37853
13025,13,025,37374
13027,13,027,35284
13029,13,029,63818
13031,13,031,34403
13033,13,033,31597
13035,13,035,50722
13037,13,037,30042
13039,13,039,54155
13043,13,043,35833
13045,13,045,46704
13047,13,047,46143
13049,13,049,39511
13051,13,051,45653
13053,13,053,48684
13055,13,055,32825
13057,13,057,67928
13059,13,059,33846
13061,13,061,22582
13063,13,063,42569
13065,13,065,33967
13067,13,067,65180
13069,13,069,35583
13071,13,071,33186
13073,13,073,67295
13075,13,075,35983
13077,13,077,60675
13079,13,079,39403
13081,13,081,32320
13083,13,083,41677
13085,13,085,53289
13087,13,087,30061
13089,13,089,51252
13091,13,091,36042
13093,13,093,30789
13095,13,095,31789
13097,13,097,54526
13099,13,099,29772
13101,13,101,27933
13103,13,103,62953
13105,13,105,35053
13107,13,107,31675
13109,13,109,36602
13111,13,111,35446
13113,13,113,81242
13115,13,115,41442
13117,13,117,87585
13119,13,119,32179
13121,13,121,57664
13123,13,123,37257
13125,13,125,32346
13127,13,127,49986
13129,13,129,40661
13131,13,131,32206
13133,13,133,40728
13135,13,135,61944
13137,13,137,41894
13139,13,139,52174
13141,13,141,22716
13143,13,143,39227
13145,13,145,68816
13147,13,147,35647
13149,13,149,39947
13151,13,151,62377
13153,13,153,56265
13155,13,155,38770
13157,13,157,53393
13159,13,159,43768
13161,13,161,35203
13163,13,163,27612
13165,13,165,27039
13167,13,167,34521
13169,13,169,53085
13171,13,171,39224
13173,13,173,41867
13175,13,175,35912
13177,13,177,58400
13179,13,179,44295
13181,13,181,34347
13183,13,183,40044
13185,13,185,38348
13187,13,187,44595
13189,13,189,38855
13191,13,191,39506
13193,13,193,30906
13195,13,195,41404
13197,13,197,33875
13199,13,199,37660
13201,13,201,32432
13205,13,205,32838
13207,13,207,47323
13209,13,209,33569
13211,13,211,44908
13213,13,213,36928
13215,13,215,41443
13217,13,217,51336
13219,13,219,77571
13221,13,221,42428
13223,13,223,63190
13225,13,225,41488
13227,13,227,50829
13229,13,229,39326
13231,13,231,56658
13233,13,233,38861
13235,13,235,34659
13237,13,237,40115
13239,13,239,32750
13241,13,241,32995
13243,13,243,32688
13245,13,245,38952
13247,13,247,54704
13249,13,249,40612
13251,13,251,34634
13253,13,253,28909
13255,13,255,40655
13257,13,257,37535
13259,13,259,28222
13261,13,261,33528
13263,13,263,26750
13265,13,265,24390
13267,13,267,36520
13269,13,269,28402
13271,13,271,24469
13273,13,273,32855
13275,13,275,31471
13277,13,277,37033
13279,13,279,31757
13281,13,281,35843
13283,13,283,35960
13285,13,285,40246
13287,13,287,27056
13289,13,289,30533
13291,13,291,42125
13293,13,293,34905
13295,13,295,38504
13297,13,297,52062
13299,13,299,34700
13301,13,301,32155
13303,13,303,31441
13305,13,305,36496
13307,13,307,29926
13309,13,309,27601
13311,13,311,40720
13313,13,313,41832
13315,13,315,31509
13317,13,317,28224
13319,13,319,40331
13321,13,321,39205
15001,15,001,52098
15003,15,003,72292
15005,15,005,66250
15007,15,007,64752
15009,15,009,64058
16001,16,001,55499
16003,16,003,35756
16005,16,005,45860
16007,16,007,40242
16009,16,009,38536
16011,16,011,46817
16013,16,013,60160
16015,16,015,45403
16017,16,017,41379
16019,16,019,51254
16021,16,021,36300
16023,16,023,40150
16025,16,025,40515
16027,16,027,42691
16029,16,029,52134
16031,16,031,43039
16033,16,033,35833
16035,16,035,41914
16037,16,037,41698
16039,16,039,43886
16041,16,041,47598
16043,16,043,43053
16045,16,045,41976
16047,16,047,37910
16049,16,049,37067
16051,16,051,52980
16053,16,053,40309
16055,16,055,49151
16057,16,057,39466
16059,16,059,36372
16061,16,061,37340
16063,16,063,43926
16065,16,065,33776
16067,16,067,43301
16069,16,069,45587
16071,16,071,44298
16073,16,073,33626
16075,16,075,42747
16077,16,077,41950
16079,16,079,38273
16081,16,081,56532
16083,16,083,42639
16085,16,085,51953
16087,16,087,36311
17001,17,001,45691
17003,17,003,27248
17005,17,005,47705
17007,17,007,63670
17009,17,009,43915
17011,17,011,48102
17013,17,013,47399
17015,17,015,48456
17017,17,017,43180
17019,17,019,45088
17021,17,021,44211
17023,17,023,47176
17025,17,025,39966
17027,17,027,60661
17029,17,029,38088
17031,17,031,54648
17033,17,033,44617
17035,17,035,44430
17037,17,037,53575
17039,17,039,49626
17041,17,041,50589
17043,17,043,78538
17045,17,045,42730
17047,17,047,39238
17049,17,049,51009
17051,17,051,43724
17053,17,053,50203
17055,17,055,37158
17057,17,057,43363
17059,17,059,38934
17061,17,061,42556
17063,17,063,63840
17065,17,065,37904
17067,17,067,42494
17069,17,069,35632
17071,17,071,49612
17073,17,073,52284
17075,17,075,47908
17077,17,077,32819
17079,17,079,48703
17081,17,081,42272
17083,17,083,53692
17085,17,085,52164
17087,17,087,42027
17089,17,089,68674
17091,17,091,49994
17093,17,093,83835
17095,17,095,40419
17097,17,097,79085
17099,17,099,52356
17101,17,101,39324
17103,17,103,50342
17105,17,105,54339
17107,17,107,46647
17109,17,109,35812
17111,17,111,77325
17113,17,113,61049
17115,17,115,46165
17117,17,117,48788
17119,17,119,52756
17121,17,121,41723
17123,17,123,52565
17125,17,125,42394
17127,17,127,42190
17129,17,129,59428
17131,17,131,52700
17133,17,133,71033
17135,17,135,42261
17137,17,137,46763
17139,17,139,50005
17141,17,141,55590
17143,17,143,50925
17145,17,145,42013
17147,17,147,62125
17149,17,149,40445
17151,17,151,39854
17153,17,153,31795
17155,17,155,54467
17157,17,157,48383
17159,17,159,43240
17161,17,161,48205
17163,17,163,50490
17165,17,165,37139
17167,17,167,55355
17169,17,169,46934
17171,17,171,49746
17173,17,173,46546
17175,17,175,51392
17177,17,177,44572
17179,17,179,55580
17181,17,181,41869
17183,17,183,40961
17185,17,185,45011
17187,17,187,41138
17189,17,189,54407
17191,17,191,41446
17193,17,193,43151
17195,17,195,46193
17197,17,197,76352
17199,17,199,41596
17201,17,201,47573
17203,17,203,68552
18001,18,001,45339
18003,18,003,50030
18005,18,005,54481
18007,18,007,47828
18009,18,009,39619
18011,18,011,68774
18013,18,013,48652
18015,18,015,49935
18017,18,017,41135
18019,18,019,50559
18021,18,021,46817
18023,18,023,48321
18025,18,025,40027
18027,18,027,45927
18029,18,029,58098
18031,18,031,48298
18033,18,033,46065
18035,18,035,38215
18037,18,037,54168
18039,18,039,46712
18041,18,041,36602
18043,18,043,53208
18045,18,045,45919
18047,18,047,50271
18049,18,049,40910
18051,18,051,48524
18053,18,053,39751
18055,18,055,43850
18057,18,057,84821
18059,18,059,62702
18061,18,061,52184
18063,18,063,68283
18065,18,065,40197
18067,18,067,44452
18069,18,069,46538
18071,18,071,45883
18073,18,073,57801
18075,18,075,40926
18077,18,077,43395
18079,18,079,45273
18081,18,081,62888
18083,18,083,41089
18085,18,085,50822
18087,18,087,46625
18089,18,089,49315
18091,18,091,47754
18093,18,093,41600
18095,18,095,44245
18097,18,097,42603
18099,18,099,47218
18101,18,101,44291
18103,18,103,39816
18105,18,105,38675
18107,18,107,46026
18109,18,109,56303
18111,18,111,49816
18113,18,113,46360
18115,18,115,49591
18117,18,117,37410
18119,18,119,42707
18121,18,121,45489
18123,18,123,47132
18125,18,125,40760
18127,18,127,62457
18129,18,129,57777
18131,18,131,43506
18133,18,133,50480
18135,18,135,40910
18137,18,137,49031
18139,18,139,46125
18141,18,141,44989
18143,18,143,41610
18145,18,145,51829
18147,18,147,54832
18149,18,149,39909
18151,18,151,48291
18153,18,153,45330
18155,18,155,44833
18157,18,157,44047
18159,18,159,53368
18161,18,161,44263
18163,18,163,43645
18165,18,165,41864
18167,18,167,40547
18169,18,169,44389
18171,18,171,51504
18173,18,173,61948
18175,18,175,41125
18177,18,177,39131
18179,18,179,49841
18181,18,181,48940
18183,18,183,50568
19001,19,001,47872
19003,19,003,45099
19005,19,005,47539
19007,19,007,37866
19009,19,009,47630
19011,19,011,57488
19013,19,013,45610
19015,19,015,51284
19017,19,017,60193
19019,19,019,54596
19021,19,021,46947
19023,19,023,51348
19025,19,025,45097
19027,19,027,48824
19029,19,029,43114
19031,19,031,58433
19033,19,033,44762
19035,19,035,47816
19037,19,037,43741
19039,19,039,44211
19041,19,041,46880
19043,19,043,46617
19045,19,045,49010
19047,19,047,46601
19049,19,049,71878
19051,19,051,46807
19053,19,053,34942
19055,19,055,51663
19057,19,057,43427
19059,19,059,53426
19061,19,061,50885
19063,19,063,46547
19065,19,065,42995
19067,19,067,42386
19069,19,069,49144
19071,19,071,49245
19073,19,073,45816
19075,19,075,56264
19077,19,077,49114
19079,19,079,45691
19081,19,081,48695
19083,19,083,47902
19085,19,085,53939
19087,19,087,43843
19089,19,089,45300
19091,19,091,48710
19093,19,093,43690
19095,19,095,57318
19097,19,097,44854
19099,19,099,48746
19101,19,101,48411
19103,19,103,53993
19105,19,105,53562
19107,19,107,42688
19109,19,109,49431
19111,19,111,41954
19113,19,113,56790
19115,19,115,49905
19117,19,117,44020
19119,19,119,49727
19121,19,121,56765
19123,19,123,47758
19125,19,125,53684
19127,19,127,49259
19129,19,129,62908
19131,19,131,50574
19133,19,133,42832
19135,19,135,45266
19137,19,137,40530
19139,19,139,51675
19141,19,141,45194
19143,19,143,45951
19145,19,145,41803
19147,19,147,40500
19149,19,149,58916
19151,19,151,42138
19153,19,153,58096
19155,19,155,49941
19157,19,157,50703
19159,19,159,43655
19161,19,161,46606
19163,19,163,53002
19165,19,165,47731
19167,19,167,55252
19169,19,169,49683
19171,19,171,49244
19173,19,173,42638
19175,19,175,41795
19177,19,177,41572
19179,19,179,41088
19181,19,181,62778
19183,19,183,52636
19185,19,185,38447
19187,19,187,41751
19189,19,189,46438
19191,19,191,52827
19193,19,193,45289
19195,19,195,50603
19197,19,197,45713
20001,20,001,39714
20003,20,003,43060
20005,20,005,45666
20007,20,007,43048
20009,20,009,46639
20011,20,011,38250
20013,20,013,37515
20015,20,015,57424
20017,20,017,36434
20019,20,019,37039
20021,20,021,41877
20023,20,023,39167
20025,20,025,39563
20027,20,027,43879
20029,20,029,37382
20031,20,031,50106
20033,20,033,39950
20035,20,035,41905
20037,20,037,36927
20039,20,039,38750
20041,20,041,49535
20043,20,043,46346
20045,20,045,48395
20047,20,047,43953
20049,20,049,33239
20051,20,051,44253
20053,20,053,46350
20055,20,055,49617
20057,20,057,50577
20059,20,059,50240
20061,20,061,47879
20063,20,063,44426
20065,20,065,43929
20067,20,067,53800
20069,20,069,55000
20071,20,071,52212
20073,20,073,39145
20075,20,075,43125
20077,20,077,38340
20079,20,079,49075
20081,20,081,52688
20083,20,083,44318
20085,20,085,54710
20087,20,087,58434
20089,20,089,38462
20091,20,091,75139
20093,20,093,47069
20095,20,095,47801
20097,20,097,41574
20099,20,099,40117
20101,20,101,49063
20103,20,103,62035
20105,20,105,41250
20107,20,107,44771
20109,20,109,46047
20111,20,111,38877
20113,20,113,54171
20115,20,115,45323
20117,20,117,41867
20119,20,119,49846
20121,20,121,61272
20123,20,123,48046
20125,20,125,41073
20127,20,127,45000
20129,20,129,44198
20131,20,131,46901
20133,20,133,40829
20135,20,135,47870
20137,20,137,42776
20139,20,139,50243
20141,20,141,38561
20143,20,143,53497
20145,20,145,44106
20147,20,147,42838
20149,20,149,56775
20151,20,151,43880
20153,20,153,40896
20155,20,155,43649
20157,20,157,41000
20159,20,159,45703
20161,20,161,43364
20163,20,163,41123
20165,20,165,41306
20167,20,167,40551
20169,20,169,47339
20171,20,171,58520
20173,20,173,49885
20175,20,175,47731
20177,20,177,47992
20179,20,179,49125
20181,20,181,42642
20183,20,183,44798
20185,20,185,43232
20187,20,187,51823
20189,20,189,56991
20191,20,191,48105
20193,20,193,48029
20195,20,195,44063
20197,20,197,55817
20199,20,199,46932
20201,20,201,42962
20203,20,203,51098
20205,20,205,40414
20207,20,207,30852
20209,20,209,39163
21001,21,001,31169
21003,21,003,36123
21005,21,005,52294
21007,21,007,41989
21009,21,009,37587
21011,21,011,29632
21013,21,013,25952
21015,21,015,67125
21017,21,017,40894
21019,21,019,39076
21021,21,021,41037
21023,21,023,38724
21025,21,025,23049
21027,21,027,39695
21029,21,029,53922
21031,21,031,36237
21033,21,033,37778
21035,21,035,39037
21037,21,037,53580
21039,21,039,37768
21041,21,041,40938
21043,21,043,35415
21045,21,045,28416
21047,21,047,37750
21049,21,049,45486
21051,21,051,22296
21053,21,053,26885
21055,21,055,32839
21057,21,057,29885
21059,21,059,45507
21061,21,061,35243
21063,21,063,24841
21065,21,065,28684
21067,21,067,48779
21069,21,069,32677
21071,21,071,29237
21073,21,073,47086
21075,21,075,36813
21077,21,077,43860
21079,21,079,44115
21081,21,081,46011
21083,21,083,36698
21085,21,085,33290
21087,21,087,33573
21089,21,089,43808
21091,21,091,48867
21093,21,093,49257
21095,21,095,26758
21097,21,097,36393
21099,21,099,32445
21101,21,101,42266
21103,21,103,43083
21105,21,105,36125
21107,21,107,40501
21109,21,109,22213
21111,21,111,46701
21113,21,113,48299
21115,21,115,34466
21117,21,117,53900
21119,21,119,32482
21121,21,121,24193
21123,21,123,39103
21125,21,125,36835
21127,21,127,32622
21129,21,129,22789
21131,21,131,26386
21133,21,133,29532
21135,21,135,27311
21137,21,137,34454
21139,21,139,40101
21141,21,141,35962
21143,21,143,38414
21145,21,145,44757
21147,21,147,21758
21149,21,149,40563
21151,21,151,42020
21153,21,153,25461
21155,21,155,37710
21157,21,157,44802
21159,21,159,25340
21161,21,161,39192
21163,21,163,45629
21165,21,165,25988
21167,21,167,44431
21169,21,169,34100
21171,21,171,27586
21173,21,173,35832
21175,21,175,29154
21177,21,177,38835
21179,21,179,43722
21181,21,181,41832
21183,21,183,38286
21185,21,185,83164
21187,21,187,41719
21189,21,189,19624
21191,21,191,48761
21193,21,193,32676
21195,21,195,33227
21197,21,197,27555
21199,21,199,32788
21201,21,201,29136
21203,21,203,28178
21205,21,205,33615
21207,21,207,29465
21209,21,209,60553
21211,21,211,56267
21213,21,213,40930
21215,21,215,62652
21217,21,217,35000
21219,21,219,40011
21221,21,221,44144
21223,21,223,52805
21225,21,225,37445
21227,21,227,43509
21229,21,229,39748
21231,21,231,27646
21233,21,233,41138
21235,21,235,29876
21237,21,237,21168
21239,21,239,56672
22001,22,001,38686
22003,22,003,38899
22005,22,005,67688
22007,22,007,46410
22009,22,009,34512
22011,22,011,46762
22013,22,013,31229
22015,22,015,53070
22017,22,017,40497
22019,22,019,44247
22021,22,021,40181
22023,22,023,62353
22025,22,025,38205
22027,22,027,32316
22029,22,029,28971
22031,22,031,40200
22033,22,033,48274
22035,22,035,25413
22037,22,037,43868
22039,22,039,32125
22041,22,041,32981
22043,22,043,38739
22045,22,045,44611
22047,22,047,44037
22049,22,049,38757
22051,22,051,48522
22053,22,053,41777
22055,22,055,49705
22057,22,057,50574
22059,22,059,43641
22061,22,061,35433
22063,22,063,57150
22065,22,065,24700
22067,22,067,31447
22069,22,069,32649
22071,22,071,36681
22073,22,073,38899
22075,22,075,57386
22077,22,077,45196
22079,22,079,40946
22081,22,081,36591
22083,22,083,39493
22085,22,085,36914
22087,22,087,40590
22089,22,089,59197
22091,22,091,32460
22093,22,093,53728
22095,22,095,51040
22097,22,097,36183
22099,22,099,41137
22101,22,101,40738
22103,22,103,60813
22105,22,105,40491
22107,22,107,29888
22109,22,109,49545
22111,22,111,36507
22113,22,113,44339
22115,22,115,46260
22117,22,117,30490
22119,22,119,35896
22121,22,121,50788
22123,22,123,33665
22125,22,125,58212
22127,22,127,33853
23001,23,001,44826
23003,23,003,37434
23005,23,005,57159
23007,23,007,39416
23009,23,009,48635
23011,23,011,47424
23013,23,013,47714
23015,23,015,50494
23017,23,017,41434
23019,23,019,43382
23021,23,021,36606
23023,23,023,55634
23025,23,025,38141
23027,23,027,42238
23029,23,029,36486
23031,23,031,56656
24001,24,001,39087
24003,24,003,86987
24005,24,005,66068
24009,24,009,92395
24011,24,011,60735
24013,24,013,83155
24015,24,015,66025
24017,24,017,93063
24019,24,019,46199
24021,24,021,83706
24023,24,023,45354
24025,24,025,80441
24027,24,027,107821
24029,24,029,54614
24031,24,031,96985
24033,24,033,73568
24035,24,035,86013
24037,24,037,85032
24039,24,039,41558
24041,24,041,62942
24043,24,043,54561
24045,24,045,50639
24047,24,047,58138
24510,24,510,40803
25001,25,001,60424
25003,25,003,47513
25005,25,005,55995
25007,25,007,65896
25009,25,009,66918
25011,25,011,53298
25013,25,013,49729
25015,25,015,61264
25017,25,017,81420
25019,25,019,83546
25021,25,021,84087
25023,25,023,74722
25025,25,025,52700
25027,25,027,65968
26001,26,001,36931
26003,26,003,38348
26005,26,005,51030
26007,26,007,38900
26009,26,009,43171
26011,26,011,36937
26013,26,013,39594
26015,26,015,53541
26017,26,017,46068
26019,26,019,47491
26021,26,021,43471
26023,26,023,42995
26025,26,025,42164
26027,26,027,45462
26029,26,029,47177
26031,26,031,38166
26033,26,033,41114
26035,26,035,33334
26037,26,037,58231
26039,26,039,39982
26041,26,041,42504
26043,26,043,44272
26045,26,045,55301
26047,26,047,50686
26049,26,049,42730
26051,26,051,38571
26053,26,053,34397
26055,26,055,51641
26057,26,057,40224
26059,26,059,42668
26061,26,061,34453
26063,26,063,40349
26065,26,065,45567
26067,26,067,47580
26069,26,069,35396
26071,26,071,35551
26073,26,073,35927
26075,26,075,46572
26077,26,077,46011
26079,26,079,39849
26081,26,081,51030
26083,26,083,42406
26085,26,085,30390
26087,26,087,52369
26089,26,089,53982
26091,26,091,48528
26093,26,093,72396
26095,26,095,42414
26097,26,097,38507
26099,26,099,53628
26101,26,101,41228
26103,26,103,45349
26105,26,105,40957
26107,26,107,38332
26109,26,109,40865
26111,26,111,52947
26113,26,113,40406
26115,26,115,54588
26117,26,117,40707
26119,26,119,34955
26121,26,121,40843
26123,26,123,43180
26125,26,125,65637
26127,26,127,39667
26129,26,129,35320
26131,26,131,33769
26133,26,133,37825
26135,26,135,33942
26137,26,137,47140
26139,26,139,55760
26141,26,141,39109
26143,26,143,34765
26145,26,145,42828
26147,26,147,47877
26149,26,149,44214
26151,26,151,40019
26153,26,153,37468
26155,26,155,47106
26157,26,157,43463
26159,26,159,44425
26161,26,161,59063
26163,26,163,41504
26165,26,165,40660
27001,27,001,41191
27003,27,003,69916
27005,27,005,49159
27007,27,007,44038
27009,27,009,51365
27011,27,011,45545
27013,27,013,49306
27015,27,015,47915
27017,27,017,52943
27019,27,019,83275
27021,27,021,43992
27023,27,023,46579
27025,27,025,66592
27027,27,027,52136
27029,27,029,41896
27031,27,031,50309
27033,27,033,43225
27035,27,035,46822
27037,27,037,73288
27039,27,039,66959
27041,27,041,50365
27043,27,043,43835
27045,27,045,48717
27047,27,047,43962
27049,27,049,55603
27051,27,051,47333
27053,27,053,63559
27055,27,055,53453
27057,27,057,45623
27059,27,059,58775
27061,27,061,46180
27063,27,063,49886
27065,27,065,46323
27067,27,067,50156
27069,27,069,49301
27071,27,071,40167
27073,27,073,50203
27075,27,075,47210
27077,27,077,41979
27079,27,079,57831
27081,27,081,47778
27083,27,083,47256
27085,27,085,55275
27087,27,087,39442
27089,27,089,51000
27091,27,091,46790
27093,27,093,52705
27095,27,095,46363
27097,27,097,47110
27099,27,099,46239
27101,27,101,50039
27103,27,103,59490
27105,27,105,47539
27107,27,107,45000
27109,27,109,66667
27111,27,111,47579
27113,27,113,47880
27115,27,115,44291
27117,27,117,44817
27119,27,119,49859
27121,27,121,51148
27123,27,123,53152
27125,27,125,48750
27127,27,127,46071
27129,27,129,49800
27131,27,131,60438
27133,27,133,45660
27135,27,135,50620
27137,27,137,46231
27139,27,139,84571
27141,27,141,72041
27143,27,143,52996
27145,27,145,53861
27147,27,147,58403
27149,27,149,52819
27151,27,151,45984
27153,27,153,45287
27155,27,155,44025
27157,27,157,53537
27159,27,159,35767
27161,27,161,53433
27163,27,163,80747
27165,27,165,49210
27167,27,167,52970
27169,27,169,46900
27171,27,171,70930
27173,27,173,52134
28001,28,001,27486
28003,28,003,32846
28005,28,005,30471
28007,28,007,31102
28009,28,009,26899
28011,28,011,27768
28013,28,013,30768
28015,28,015,30568
28017,28,017,31028
28019,28,019,30180
28021,28,021,24078
28023,28,023,31831
28025,28,025,31228
28027,28,027,25574
28029,28,029,36645
28031,28,031,32345
28033,28,033,58851
28035,28,035,35459
28037,28,037,31819
28039,28,039,46263
28041,28,041,38836
28043,28,043,35912
28045,28,045,43727
28047,28,047,43593
28049,28,049,38152
28051,28,051,22335
28053,28,053,24783
28055,28,055,24474
28057,28,057,36235
28059,28,059,49750
28061,28,061,30998
28063,28,063,20281
28065,28,065,27201
28067,28,067,38233
28069,28,069,27471
28071,28,071,42688
28073,28,073,50743
28075,28,075,36814
28077,28,077,38364
28079,28,079,30862
28081,28,081,41242
28083,28,083,23659
28085,28,085,37176
28087,28,087,37508
28089,28,089,60195
28091,28,091,31865
28093,28,093,34459
28095,28,095,35370
28097,28,097,30440
28099,28,099,37893
28101,28,101,35907
28103,28,103,22652
28105,28,105,29430
28107,28,107,36147
28109,28,109,41940
28111,28,111,35942
28113,28,113,35212
28115,28,115,40260
28117,28,117,33294
28119,28,119,23115
28121,28,121,57593
28123,28,123,35074
28125,28,125,32340
28127,28,127,37977
28129,28,129,36519
28131,28,131,42862
28133,28,133,26611
28135,28,135,27689
28137,28,137,43277
28139,28,139,34523
28141,28,141,32878
28143,28,143,30463
28145,28,145,36582
28147,28,147,32260
28149,28,149,40876
28151,28,151,27610
28153,28,153,30783
28155,28,155,35391
28157,28,157,35960
28159,28,159,32094
28161,28,161,32343
28163,28,163,26769
29001,29,001,33284
29003,29,003,57406
29005,29,005,46059
29007,29,007,41387
29009,29,009,38153
29011,29,011,39576
29013,29,013,39371
29015,29,015,33349
29017,29,017,37016
29019,29,019,47786
29021,29,021,44181
29023,29,023,34343
29025,29,025,41324
29027,29,027,50516
29029,29,029,44577
29031,29,031,46154
29033,29,033,44858
29035,29,035,27209
29037,29,037,60595
29039,29,039,31677
29041,29,041,40538
29043,29,043,53549
29045,29,045,40466
29047,29,047,60560
29049,29,049,53234
29051,29,051,55465
29053,29,053,45200
29055,29,055,35794
29057,29,057,34000
29059,29,059,40286
29061,29,061,42617
29063,29,063,43898
29065,29,065,36288
29067,29,067,31277
29069,29,069,30379
29071,29,071,48322
29073,29,073,41304
29075,29,075,38465
29077,29,077,41458
29079,29,079,37533
29081,29,081,36909
29083,29,083,39551
29085,29,085,29400
29087,29,087,42706
29089,29,089,42104
29091,29,091,34148
29093,29,093,33333
29095,29,095,47023
29097,29,097,39908
29099,29,099,55743
29101,29,101,47960
29103,29,103,32500
29105,29,105,39101
29107,29,107,51917
29109,29,109,38568
29111,29,111,41758
29113,29,113,53822
29115,29,115,39028
29117,29,117,42241
29119,29,119,36719
29121,29,121,37405
29123,29,123,36197
29125,29,125,44885
29127,29,127,42756
29129,29,129,38125
29131,29,131,34763
29133,29,133,29606
29135,29,135,49394
29137,29,137,40707
29139,29,139,40565
29141,29,141,35446
29143,29,143,35174
29145,29,145,42644
29147,29,147,37815
29149,29,149,26926
29151,29,151,51006
29153,29,153,32126
29155,29,155,30194
29157,29,157,45553
29159,29,159,38543
29161,29,161,41388
29163,29,163,40812
29165,29,165,67419
29167,29,167,38852
29169,29,169,47251
29171,29,171,35233
29173,29,173,50145
29175,29,175,38067
29177,29,177,52656
29179,29,179,33326
29181,29,181,31431
29183,29,183,71416
29185,29,185,32075
29186,29,186,47809
29187,29,187,36716
29189,29,189,58485
29195,29,195,39090
29197,29,197,30896
29199,29,199,40017
29201,29,201,38968
29203,29,203,33091
29205,29,205,34219
29207,29,207,37303
29209,29,209,42084
29211,29,211,34247
29213,29,213,40112
29215,29,215,34520
29217,29,217,38138
29219,29,219,47877
29221,29,221,34015
29223,29,223,30427
29225,29,225,42384
29227,29,227,39946
29229,29,229,29485
29510,29,510,34384
30001,30,001,41039
30003,30,003,36803
30005,30,005,37899
30007,30,007,47480
30009,30,009,47030
30011,30,011,38750
30013,30,013,43817
30015,30,015,41232
30017,30,017,43232
30019,30,019,43563
30021,30,021,49894
30023,30,023,34716
30025,30,025,49732
30027,30,027,39276
30029,30,029,45545
30031,30,031,52211
30033,30,033,40125
30035,30,035,36872
30037,30,037,38289
30039,30,039,40511
30041,30,041,42875
30043,30,043,60459
30045,30,045,41100
30047,30,047,37211
30049,30,049,54535
30051,30,051,40734
30053,30,053,33234
30055,30,055,46528
30057,30,057,48600
30059,30,059,35000
30061,30,061,32618
30063,30,063,44653
30065,30,065,43079
30067,30,067,40781
30069,30,069,40682
30071,30,071,41214
30073,30,073,39223
30075,30,075,42500
30077,30,077,40765
30079,30,079,34875
30081,30,081,40525
30083,30,083,56050
30085,30,085,40146
30087,30,087,45977
30089,30,089,30900
30091,30,091,48148
30093,30,093,39211
30095,30,095,53533
30097,30,097,44179
30099,30,099,42423
30101,30,101,45057
30103,30,103,38125
30105,30,105,45083
30107,30,107,31496
30109,30,109,45625
30111,30,111,50608
31001,31,001,49017
31003,31,003,40397
31005,31,005,45769
31007,31,007,32292
31009,31,009,41364
31011,31,011,44491
31013,31,013,44025
31015,31,015,38281
31017,31,017,33333
31019,31,019,50307
31021,31,021,47786
31023,31,023,50569
31025,31,025,64979
31027,31,027,43718
31029,31,029,43125
31031,31,031,45172
31033,31,033,50694
31035,31,035,45711
31037,31,037,48561
31039,31,039,47325
31041,31,041,44306
31043,31,043,44928
31045,31,045,36974
31047,31,047,45208
31049,31,049,40093
31051,31,051,45814
31053,31,053,46475
31055,31,055,53295
31057,31,057,39596
31059,31,059,45970
31061,31,061,42054
31063,31,063,51328
31065,31,065,40759
31067,31,067,46164
31069,31,069,40125
31071,31,071,39241
31073,31,073,44241
31075,31,075,40982
31077,31,077,44219
31079,31,079,48044
31081,31,081,56809
31083,31,083,44801
31085,31,085,47150
31087,31,087,40000
31089,31,089,47768
31091,31,091,38750
31093,31,093,48293
31095,31,095,43407
31097,31,097,42689
31099,31,099,54485
31101,31,101,43662
31103,31,103,33472
31105,31,105,43542
31107,31,107,41372
31109,31,109,51810
31111,31,111,49382
31113,31,113,44444
31115,31,115,37708
31117,31,117,51563
31119,31,119,45717
31121,31,121,49609
31123,31,123,42025
31125,31,125,40714
31127,31,127,41929
31129,31,129,33875
31131,31,131,50917
31133,31,133,43634
31135,31,135,53299
31137,31,137,47871
31139,31,139,52096
31141,31,141,51395
31143,31,143,52012
31145,31,145,45206
31147,31,147,38977
31149,31,149,41619
31151,31,151,46434
31153,31,153,69269
31155,31,155,58785
31157,31,157,43113
31159,31,159,60676
31161,31,161,37813
31163,31,163,43000
31165,31,165,43558
31167,31,167,50962
31169,31,169,43077
31171,31,171,56429
31173,31,173,41961
31175,31,175,44762
31177,31,177,65803
31179,31,179,46612
31181,31,181,39722
31183,31,183,39602
31185,31,185,47220
32001,32,001,54538
32003,32,003,54218
32005,32,005,61099
32007,32,007,70411
32009,32,009,27500
32011,32,011,61331
32013,32,013,57874
32015,32,015,70341
32017,32,017,39293
32019,32,019,46088
32021,32,021,33547
32023,32,023,39150
32027,32,027,51094
32029,32,029,62561
32031,32,031,53994
32033,32,033,46505
32510,32,510,53987
33001,33,001,57163
33003,33,003,50865
33005,33,005,56062
33007,33,007,41774
33009,33,009,53386
33011,33,011,70472
33013,33,013,65487
33015,33,015,77939
33017,33,017,58538
33019,33,019,53821
34001,34,001,54559
34003,34,003,84255
34005,34,005,78229
34007,34,007,62320
34009,34,009,56370
34011,34,011,51530
34013,34,013,55027
34015,34,015,74915
34017,34,017,58722
34019,34,019,105880
34021,34,021,73759
34023,34,023,79442
34025,34,025,84746
34027,34,027,97979
34029,34,029,61038
34031,34,031,57540
34033,34,033,59336
34035,34,035,98571
34037,34,037,85507
34039,34,039,69347
34041,34,041,73056
35001,35,001,48398
35003,35,003,34738
35005,35,005,38155
35006,35,006,35674
35007,35,007,38263
35009,35,009,41250
35011,35,011,32554
35013,35,013,38462
35015,35,015,47940
35017,35,017,37525
35019,35,019,27242
35021,35,021,31146
35023,35,023,37531
35025,35,025,48793
35027,35,027,44149
35028,35,028,106426
35029,35,029,29365
35031,35,031,30780
35033,35,033,40000
35035,35,035,39054
35037,35,037,33039
35039,35,039,40791
35041,35,041,39323
35043,35,043,58116
35045,35,045,48701
35047,35,047,30499
35049,35,049,53642
35051,35,051,29185
35053,35,053,34337
35055,35,055,33835
35057,35,057,31538
35059,35,059,40507
35061,35,061,42525
36001,36,001,59359
36003,36,003,42095
36005,36,005,34300
36007,36,007,45856
36009,36,009,43202
36011,36,011,50950
36013,36,013,41975
36015,36,015,48128
36017,36,017,44127
36019,36,019,50522
36021,36,021,56445
36023,36,023,47497
36025,36,025,43004
36027,36,027,71508
36029,36,029,49977
36031,36,031,47400
36033,36,033,45702
36035,36,035,45333
36037,36,037,51734
36039,36,039,47539
36041,36,041,51595
36043,36,043,44288
36045,36,045,46549
36047,36,047,45215
36049,36,049,45187
36051,36,051,54244
36053,36,053,52293
36055,36,055,52700
36057,36,057,42830
36059,36,059,97049
36061,36,061,68370
36063,36,063,47736
36065,36,065,49148
36067,36,067,53593
36069,36,069,56455
36071,36,071,70712
36073,36,073,50113
36075,36,075,47288
36077,36,077,46358
36079,36,079,95259
36081,36,081,56780
36083,36,083,58959
36085,36,085,73496
36087,36,087,86020
36089,36,089,43745
36091,36,091,67712
36093,36,093,56445
36095,36,095,51896
36097,36,097,47869
36099,36,099,49155
36101,36,101,46519
36103,36,103,87778
36105,36,105,48050
36107,36,107,56488
36109,36,109,50539
36111,36,111,58934
36113,36,113,54909
36115,36,115,50864
36117,36,117,53497
36119,36,119,81093
36121,36,121,50635
36123,36,123,48245
37001,37,001,44155
37003,37,003,39544
37005,37,005,32449
37007,37,007,34772
37009,37,009,35670
37011,37,011,38051
37013,37,013,40147
37015,37,015,31194
37017,37,017,30031
37019,37,019,46490
37021,37,021,44206
37023,37,023,38062
37025,37,025,54341
37027,37,027,36108
37029,37,029,56315
37031,37,031,47506
37033,37,033,38387
37035,37,035,43657
37037,37,037,57793
37039,37,039,34981
37041,37,041,36385
37043,37,043,38536
37045,37,045,38181
37047,37,047,35182
37049,37,049,47383
37051,37,051,45413
37053,37,053,57446
37055,37,055,55780
37057,37,057,44318
37059,37,059,51844
37061,37,061,33896
37063,37,063,50997
37065,37,065,33917
37067,37,067,45809
37069,37,069,42920
37071,37,071,43220
37073,37,073,45136
37075,37,075,32137
37077,37,077,49893
37079,37,079,40833
37081,37,081,46223
37083,37,083,31614
37085,37,085,44242
37087,37,087,42089
37089,37,089,46503
37091,37,091,33412
37093,37,093,46900
37095,37,095,43608
37097,37,097,50058
37099,37,099,36403
37101,37,101,50132
37103,37,103,36460
37105,37,105,45284
37107,37,107,34440
37109,37,109,50065
37111,37,111,36388
37113,37,113,38134
37115,37,115,38658
37117,37,117,35585
37119,37,119,55961
37121,37,121,36276
37123,37,123,32798
37125,37,125,48238
37127,37,127,43757
37129,37,129,50420
37131,37,131,30911
37133,37,133,45812
37135,37,135,55241
37137,37,137,43825
37139,37,139,46032
37141,37,141,44071
37143,37,143,42410
37145,37,145,43292
37147,37,147,40452
37149,37,149,42762
37151,37,151,41575
37153,37,153,31726
37155,37,155,30167
37157,37,157,38004
37159,37,159,41561
37161,37,161,35941
37163,37,163,37447
37165,37,165,30472
37167,37,167,43256
37169,37,169,42476
37171,37,171,36137
37173,37,173,43426
37175,37,175,40678
37177,37,177,33605
37179,37,179,64953
37181,37,181,34499
37183,37,183,65826
37185,37,185,34803
37187,37,187,33718
37189,37,189,34848
37191,37,191,41233
37193,37,193,32009
37195,37,195,38398
37197,37,197,40316
37199,37,199,38766
38001,38,001,42830
38003,38,003,48317
38005,38,005,34706
38007,38,007,48375
38009,38,009,48289
38011,38,011,52821
38013,38,013,52031
38015,38,015,59309
38017,38,017,51110
38019,38,019,54080
38021,38,021,41934
38023,38,023,51208
38025,38,025,54539
38027,38,027,40000
38029,38,029,37304
38031,38,031,49516
38033,38,033,35742
38035,38,035,46392
38037,38,037,40968
38039,38,039,44792
38041,38,041,45000
38043,38,043,45478
38045,38,045,52813
38047,38,047,47857
38049,38,049,41763
38051,38,051,36327
38053,38,053,61893
38055,38,055,54539
38057,38,057,63244
38059,38,059,57988
38061,38,061,65822
38063,38,063,43622
38065,38,065,62768
38067,38,067,50422
38069,38,069,45851
38071,38,071,46119
38073,38,073,47866
38075,38,075,57361
38077,38,077,51272
38079,38,079,30641
38081,38,081,51175
38083,38,083,39811
38085,38,085,30799
38087,38,087,55313
38089,38,089,58793
38091,38,091,50536
38093,38,093,48678
38095,38,095,53594
38097,38,097,46398
38099,38,099,48044
38101,38,101,53361
38103,38,103,41982
38105,38,105,69617
39001,39,001,34282
39003,39,003,43194
39005,39,005,44996
39007,39,007,41075
39009,39,009,33836
39011,39,011,52267
39013,39,013,41676
39015,39,015,45807
39017,39,017,56253
39019,39,019,43127
39021,39,021,50214
39023,39,023,43684
39025,39,025,60590
39027,39,027,46443
39029,39,029,41870
39031,39,031,41885
39033,39,033,41877
39035,39,035,43861
39037,39,037,44311
39039,39,039,46377
39041,39,041,90499
39043,39,043,46906
39045,39,045,58971
39047,39,047,38864
39049,39,049,50700
39051,39,051,53039
39053,39,053,39399
39055,39,055,66127
39057,39,057,57992
39059,39,059,39293
39061,39,061,49104
39063,39,063,49350
39065,39,065,40732
39067,39,067,37088
39069,39,069,49423
39071,39,071,39641
39073,39,073,40556
39075,39,075,44091
39077,39,077,48335
39079,39,079,36903
39081,39,081,40115
39083,39,083,49323
39085,39,085,56231
39087,39,087,40244
39089,39,089,54247
39091,39,091,47345
39093,39,093,51756
39095,39,095,41436
39097,39,097,54647
39099,39,099,41112
39101,39,101,40966
39103,39,103,65768
39105,39,105,34704
39107,39,107,52234
39109,39,109,52292
39111,39,111,41677
39113,39,113,43895
39115,39,115,37152
39117,39,117,51534
39119,39,119,40398
39121,39,121,39544
39123,39,123,53850
39125,39,125,44099
39127,39,127,42222
39129,39,129,53750
39131,39,131,39735
39133,39,133,51969
39135,39,135,48899
39137,39,137,60693
39139,39,139,42894
39141,39,141,44089
39143,39,143,46785
39145,39,145,34783
39147,39,147,42375
39149,39,149,51159
39151,39,151,45689
39153,39,153,49227
39155,39,155,42488
39157,39,157,43869
39159,39,159,65866
39161,39,161,44602
39163,39,163,34432
39165,39,165,72055
39167,39,167,43829
39169,39,169,49241
39171,39,171,43176
39173,39,173,53441
39175,39,175,46129
40001,40,001,31287
40003,40,003,41943
40005,40,005,36755
40007,40,007,50466
40009,40,009,51506
40011,40,011,43356
40013,40,013,37883
40015,40,015,38155
40017,40,017,63884
40019,40,019,41039
40021,40,021,35182
40023,40,023,29015
40025,40,025,37261
40027,40,027,54883
40029,40,029,33512
40031,40,031,46320
40033,40,033,48596
40035,40,035,40496
40037,40,037,43363
40039,40,039,43917
40041,40,041,36423
40043,40,043,43583
40045,40,045,47933
40047,40,047,43458
40049,40,049,38356
40051,40,051,48963
40053,40,053,43405
40055,40,055,40827
40057,40,057,28194
40059,40,059,46437
40061,40,061,37771
40063,40,063,34656
40065,40,065,41563
40067,40,067,35682
40069,40,069,36209
40071,40,071,41026
40073,40,073,53466
40075,40,075,35426
40077,40,077,40585
40079,40,079,36084
40081,40,081,42953
40083,40,083,52031
40085,40,085,41517
40087,40,087,54554
40089,40,089,32134
40091,40,091,32669
40093,40,093,48698
40095,40,095,36727
40097,40,097,41475
40099,40,099,43781
40101,40,101,37748
40103,40,103,43980
40105,40,105,38990
40107,40,107,34258
40109,40,109,45082
40111,40,111,39142
40113,40,113,42536
40115,40,115,36280
40117,40,117,43152
40119,40,119,36762
40121,40,121,41206
40123,40,123,40680
40125,40,125,42467
40127,40,127,28587
40129,40,129,53952
40131,40,131,58761
40133,40,133,33377
40135,40,135,36191
40137,40,137,44918
40139,40,139,47983
40141,40,141,34550
40143,40,143,47845
40145,40,145,56821
40147,40,147,47959
40149,40,149,45417
40151,40,151,50690
40153,40,153,52048
41001,41,001,40348
41003,41,003,48635
41005,41,005,63951
41007,41,007,44330
41009,41,009,55358
41011,41,011,37853
41013,41,013,40263
41015,41,015,38401
41017,41,017,51468
41019,41,019,40096
41021,41,021,45833
41023,41,023,34337
41025,41,025,39674
41027,41,027,56355
41029,41,029,43664
41031,41,031,43330
41033,41,033,36699
41035,41,035,41066
41037,41,037,40049
41039,41,039,42628
41041,41,041,41996
41043,41,043,47129
41045,41,045,37191
41047,41,047,46654
41049,41,049,48457
41051,41,051,51582
41053,41,053,52365
41055,41,055,44583
41057,41,057,41869
41059,41,059,48452
41061,41,061,41784
41063,41,063,40204
41065,41,065,43601
41067,41,067,64375
41069,41,069,36357
41071,41,071,53950
42001,42,001,58465
42003,42,003,50664
42005,42,005,44478
42007,42,007,48311
42009,42,009,41512
42011,42,011,55021
42013,42,013,42687
42015,42,015,44650
42017,42,017,76859
42019,42,019,58226
42021,42,021,41668
42023,42,023,41409
42025,42,025,49951
42027,42,027,49706
42029,42,029,86184
42031,42,031,43059
42033,42,033,40768
42035,42,035,40682
42037,42,037,44680
42039,42,039,41664
42041,42,041,60883
42043,42,043,54066
42045,42,045,64242
42047,42,047,44741
42049,42,049,45249
42051,42,051,38108
42053,42,053,36686
42055,42,055,52167
42057,42,057,47470
42059,42,059,42837
42061,42,061,44455
42063,42,063,43408
42065,42,065,40719
42067,42,067,44991
42069,42,069,45483
42071,42,071,56172
42073,42,073,44079
42075,42,075,54259
42077,42,077,54645
42079,42,079,43486
42081,42,081,44557
42083,42,083,41351
42085,42,085,43589
42087,42,087,38671
42089,42,089,57773
42091,42,091,78984
42093,42,093,49845
42095,42,095,59551
42097,42,097,40963
42099,42,099,56205
42101,42,101,37016
42103,42,103,58474
42105,42,105,40970
42107,42,107,45441
42109,42,109,47059
42111,42,111,42424
42113,42,113,38981
42115,42,115,46815
42117,42,117,42607
42119,42,119,46737
42121,42,121,41814
42123,42,123,43108
42125,42,125,53326
42127,42,127,50153
42129,42,129,49734
42131,42,131,48626
42133,42,133,58747
44001,44,001,71086
44003,44,003,61884
44005,44,005,69826
44007,44,007,49213
44009,44,009,72391
45001,45,001,35067
45003,45,003,44399
45005,45,005,25966
45007,45,007,42659
45009,45,009,31015
45011,45,011,35748
45013,45,013,56581
45015,45,015,51476
45017,45,017,39843
45019,45,019,50289
45021,45,021,33512
45023,45,023,32718
45025,45,025,31279
45027,45,027,33267
45029,45,029,31289
45031,45,031,37490
45033,45,033,26668
45035,45,035,54912
45037,45,037,44208
45039,45,039,35452
45041,45,041,41738
45043,45,043,42472
45045,45,045,48438
45047,45,047,37911
45049,45,049,35713
45051,45,051,42183
45053,45,053,36504
45055,45,055,44068
45057,45,057,42107
45059,45,059,38829
45061,45,061,27755
45063,45,063,53644
45065,45,065,38385
45067,45,067,30562
45069,45,069,28612
45071,45,071,42005
45073,45,073,41854
45075,45,075,33661
45077,45,077,41947
45079,45,079,48420
45081,45,081,39541
45083,45,083,43421
45085,45,085,40726
45087,45,087,32459
45089,45,089,25174
45091,45,091,52571
46003,46,003,46071
46005,46,005,43778
46007,46,007,36429
46009,46,009,41139
46011,46,011,47093
46013,46,013,49504
46015,46,015,46107
46017,46,017,30439
46019,46,019,38980
46021,46,021,36563
46023,46,023,38475
46025,46,025,48438
46027,46,027,38377
46029,46,029,46383
46031,46,031,29451
46033,46,033,46984
46035,46,035,47493
46037,46,037,40095
46039,46,039,47302
46041,46,041,34797
46043,46,043,48836
46045,46,045,51379
46047,46,047,33703
46049,46,049,39714
46051,46,051,46273
46053,46,053,36447
46055,46,055,48571
46057,46,057,50473
46059,46,059,45399
46061,46,061,53860
46063,46,063,48036
46065,46,065,59117
46067,46,067,44153
46069,46,069,46694
46071,46,071,43967
46073,46,073,45587
46075,46,075,44531
46077,46,077,50060
46079,46,079,46071
46081,46,081,43733
46083,46,083,73340
46085,46,085,46339
46087,46,087,47392
46089,46,089,36314
46091,46,091,44516
46093,46,093,50077
46095,46,095,35563
46097,46,097,47019
46099,46,099,52530
46101,46,101,50949
46103,46,103,50253
46105,46,105,37521
46107,46,107,45511
46109,46,109,42893
46111,46,111,46200
46113,46,113,26282
46115,46,115,46884
46117,46,117,56553
46119,46,119,51563
46121,46,121,30972
46123,46,123,40920
46125,46,125,50565
46127,46,127,64496
46129,46,129,42711
46135,46,135,53589
46137,46,137,32422
47001,47,001,44154
47003,47,003,39635
47005,47,005,33663
47007,47,007,31388
47009,47,009,46347
47011,47,011,40614
47013,47,013,31312
47015,47,015,40998
47017,47,017,35595
47019,47,019,32908
47021,47,021,53363
47023,47,023,42097
47025,47,025,33568
47027,47,027,30184
47029,47,029,29764
47031,47,031,38151
47033,47,033,37601
47035,47,035,37963
47037,47,037,46676
47039,47,039,34146
47041,47,041,36713
47043,47,043,45109
47045,47,045,38167
47047,47,047,56297
47049,47,049,27773
47051,47,051,41625
47053,47,053,36981
47055,47,055,38014
47057,47,057,33185
47059,47,059,35613
47061,47,061,26644
47063,47,063,39316
47065,47,065,46544
47067,47,067,22205
47069,47,069,31963
47071,47,071,33044
47073,47,073,36419
47075,47,075,32827
47077,47,077,37784
47079,47,079,36593
47081,47,081,42330
47083,47,083,34595
47085,47,085,41943
47087,47,087,33363
47089,47,089,38800
47091,47,091,30063
47093,47,093,47270
47095,47,095,26212
47097,47,097,32987
47099,47,099,36663
47101,47,101,33956
47103,47,103,40904
47105,47,105,49602
47107,47,107,38944
47109,47,109,33066
47111,47,111,35452
47113,47,113,42348
47115,47,115,39817
47117,47,117,40687
47119,47,119,45603
47121,47,121,33492
47123,47,123,36430
47125,47,125,49459
47127,47,127,44977
47129,47,129,37522
47131,47,131,40516
47133,47,133,34119
47135,47,135,32101
47137,47,137,34255
47139,47,139,37235
47141,47,141,34107
47143,47,143,36470
47145,47,145,43017
47147,47,147,52588
47149,47,149,55105
47151,47,151,29161
47153,47,153,33181
47155,47,155,43300
47157,47,157,46251
47159,47,159,44116
47161,47,161,40200
47163,47,163,40025
47165,47,165,55560
47167,47,167,51847
47169,47,169,43613
47171,47,171,35415
47173,47,173,33456
47175,47,175,31940
47177,47,177,34008
47179,47,179,42995
47181,47,181,35377
47183,47,183,35509
47185,47,185,34717
47187,47,187,91146
47189,47,189,61353
48001,48,001,41471
48003,48,003,55327
48005,48,005,40150
48007,48,007,44769
48009,48,009,56250
48011,48,011,56974
48013,48,013,45702
48015,48,015,51340
48017,48,017,41075
48019,48,019,47927
48021,48,021,52516
48023,48,023,34688
48025,48,025,40707
48027,48,027,50085
48029,48,029,49141
48031,48,031,46881
48033,48,033,69688
48035,48,035,44860
48037,48,037,42346
48039,48,039,68008
48041,48,041,37638
48043,48,043,40086
48045,48,045,35078
48047,48,047,21445
48049,48,049,40821
48051,48,051,43976
48053,48,053,49047
48055,48,055,43393
48057,48,057,45122
48059,48,059,46812
48061,48,061,32558
48063,48,063,36495
48065,48,065,60813
48067,48,067,35932
48069,48,069,35301
48071,48,071,75200
48073,48,073,37508
48075,48,075,44455
48077,48,077,54298
48079,48,079,40406
48081,48,081,40844
48083,48,083,30690
48085,48,085,83238
48087,48,087,41940
48089,48,089,43273
48091,48,091,63480
48093,48,093,36599
48095,48,095,50278
48097,48,097,49735
48099,48,099,50104
48101,48,101,34770
48103,48,103,49974
48105,48,105,49850
48107,48,107,36768
48109,48,109,33500
48111,48,111,42781
48113,48,113,49159
48115,48,115,40152
48117,48,117,42577
48119,48,119,41406
48121,48,121,72939
48123,48,123,45457
48125,48,125,33950
48127,48,127,32960
48129,48,129,41875
48131,48,131,35167
48133,48,133,35044
48135,48,135,50851
48137,48,137,41613
48139,48,139,62832
48141,48,141,39699
48143,48,143,40176
48145,48,145,33744
48147,48,147,43382
48149,48,149,45478
48151,48,151,42900
48153,48,153,35323
48155,48,155,32443
48157,48,157,84211
48159,48,159,45684
48161,48,161,45510
48163,48,163,38161
48165,48,165,50850
48167,48,167,61555
48169,48,169,41750
48171,48,171,55017
48173,48,173,76563
48175,48,175,50635
48177,48,177,39115
48179,48,179,44455
48181,48,181,46587
48183,48,183,45233
48185,48,185,43810
48187,48,187,63889
48189,48,189,40521
48191,48,191,32097
48193,48,193,39709
48195,48,195,49626
48197,48,197,35332
48199,48,199,54275
48201,48,201,53160
48203,48,203,46718
48205,48,205,63407
48207,48,207,40247
48209,48,209,57834
48211,48,211,53295
48213,48,213,41100
48215,48,215,33218
48217,48,217,39405
48219,48,219,51054
48221,48,221,54902
48223,48,223,42257
48225,48,225,32859
48227,48,227,43393
48229,48,229,22083
48231,48,231,45170
48233,48,233,46677
48235,48,235,48646
48237,48,237,43902
48239,48,239,47591
48241,48,241,40603
48243,48,243,49375
48245,48,245,43750
48247,48,247,36919
48249,48,249,40723
48251,48,251,57016
48253,48,253,38896
48255,48,255,39706
48257,48,257,61564
48259,48,259,71553
48261,48,261,37206
48263,48,263,38750
48265,48,265,43849
48267,48,267,46786
48269,48,269,63750
48271,48,271,34083
48273,48,273,38058
48275,48,275,33667
48277,48,277,39630
48279,48,279,35265
48281,48,281,47968
48283,48,283,26731
48285,48,285,42934
48287,48,287,50860
48289,48,289,43534
48291,48,291,48408
48293,48,293,40213
48295,48,295,56131
48297,48,297,42182
48299,48,299,45533
48301,48,301,NA
48303,48,303,43993
48305,48,305,45066
48307,48,307,36560
48309,48,309,41589
48311,48,311,38438
48313,48,313,41202
48315,48,315,32226
48317,48,317,41964
48319,48,319,44408
48321,48,321,43146
48323,48,323,30959
48325,48,325,52206
48327,48,327,35048
48329,48,329,59391
48331,48,331,39170
48333,48,333,34984
48335,48,335,41082
48337,48,337,45287
48339,48,339,66422
48341,48,341,48489
48343,48,343,39122
48345,48,345,35313
48347,48,347,35641
48349,48,349,41511
48351,48,351,38574
48353,48,353,37671
48355,48,355,46499
48357,48,357,50881
48359,48,359,50993
48361,48,361,48864
48363,48,363,43041
48365,48,365,50508
48367,48,367,65299
48369,48,369,44925
48371,48,371,43529
48373,48,373,37194
48375,48,375,37848
48377,48,377,29400
48379,48,379,45099
48381,48,381,57509
48383,48,383,55968
48385,48,385,31713
48387,48,387,34430
48389,48,389,39577
48391,48,391,42589
48393,48,393,64688
48395,48,395,40711
48397,48,397,82725
48399,48,399,39115
48401,48,401,46220
48403,48,403,33053
48405,48,405,27580
48407,48,407,46413
48409,48,409,51104
48411,48,411,37230
48413,48,413,50417
48415,48,415,46340
48417,48,417,46181
48419,48,419,35732
48421,48,421,47500
48423,48,423,47312
48425,48,425,51618
48427,48,427,24653
48429,48,429,38424
48431,48,431,44239
48433,48,433,52917
48435,48,435,62321
48437,48,437,40227
48439,48,439,56859
48441,48,441,44372
48443,48,443,37750
48445,48,445,35537
48447,48,447,41019
48449,48,449,40909
48451,48,451,44310
48453,48,453,56403
48455,48,455,37223
48457,48,457,36785
48459,48,459,45696
48461,48,461,52042
48463,48,463,34110
48465,48,465,40509
48467,48,467,42668
48469,48,469,50097
48471,48,471,38654
48473,48,473,51576
48475,48,475,40222
48477,48,477,44162
48479,48,479,38421
48481,48,481,40988
48483,48,483,49615
48485,48,485,45589
48487,48,487,42271
48489,48,489,26369
48491,48,491,70849
48493,48,493,62870
48495,48,495,47167
48497,48,497,55492
48499,48,499,42404
48501,48,501,48611
48503,48,503,42008
48505,48,505,28617
48507,48,507,25206
49001,49,001,45948
49003,49,003,55918
49005,49,005,49203
49007,49,007,47240
49009,49,009,44792
49011,49,011,69355
49013,49,013,55724
49015,49,015,51372
49017,49,017,44345
49019,49,019,42208
49021,49,021,42296
49023,49,023,53314
49025,49,025,46979
49027,49,027,47235
49029,49,029,77159
49031,49,031,37273
49033,49,033,49803
49035,49,035,59626
49037,49,037,40186
49039,49,039,46214
49041,49,041,45599
49043,49,043,86515
49045,49,045,61933
49047,49,047,61850
49049,49,049,59864
49051,49,051,65012
49053,49,053,49145
49055,49,055,44821
49057,49,057,54923
50001,50,001,57785
50003,50,003,48938
50005,50,005,44435
50007,50,007,63900
50009,50,009,37214
50011,50,011,55051
50013,50,013,60433
50015,50,015,54064
50017,50,017,53627
50019,50,019,41618
50021,50,021,48968
50023,50,023,57276
50025,50,025,51113
50027,50,027,53124
51001,51,001,40780
51003,51,003,67797
51005,51,005,46133
51007,51,007,50596
51009,51,009,45020
51011,51,011,50092
51013,51,013,102459
51015,51,015,50971
51017,51,017,51528
51019,51,019,56906
51021,51,021,42658
51023,51,023,66053
51025,51,025,33859
51027,51,027,29821
51029,51,029,37843
51031,51,031,45432
51033,51,033,58044
51035,51,035,33600
51036,51,036,48208
51037,51,037,33562
51041,51,041,72363
51043,51,043,80186
51045,51,045,47691
51047,51,047,65567
51049,51,049,43137
51051,51,051,32622
51053,51,053,51582
51057,51,057,42446
51059,51,059,109383
51061,51,061,88687
51063,51,063,44038
51065,51,065,71181
51067,51,067,45049
51069,51,069,67694
51071,51,071,45231
51073,51,073,60752
51075,51,075,82683
51077,51,077,31931
51079,51,079,58804
51081,51,081,38423
51083,51,083,35191
51085,51,085,76719
51087,51,087,61300
51089,51,089,34373
51091,51,091,50136
51093,51,093,64491
51095,51,095,76767
51097,51,097,49410
51099,51,099,82195
51101,51,101,63151
51103,51,103,49516
51105,51,105,31729
51107,51,107,122068
51109,51,109,55765
51111,51,111,34455
51113,51,113,54510
51115,51,115,55590
51117,51,117,35399
51119,51,119,55625
51121,51,121,44166
51125,51,125,48888
51127,51,127,70978
51131,51,131,34304
51133,51,133,51911
51135,51,135,38209
51137,51,137,59501
51139,51,139,43745
51141,51,141,35599
51143,51,143,42229
51145,51,145,76495
51147,51,147,36743
51149,51,149,63031
51153,51,153,96160
51155,51,155,43072
51157,51,157,57837
51159,51,159,48958
51161,51,161,61686
51163,51,163,45859
51165,51,165,51721
51167,51,167,32637
51169,51,169,37544
51171,51,171,49953
51173,51,173,34394
51175,51,175,46703
51177,51,177,79402
51179,51,179,96355
51181,51,181,52955
51183,51,183,39603
51185,51,185,36080
51187,51,187,61693
51191,51,191,42844
51193,51,193,48672
51195,51,195,35120
51197,51,197,40564
51199,51,199,82454
51510,51,510,83996
51515,51,515,35863
51520,51,520,30636
51530,51,530,35921
51540,51,540,44535
51550,51,550,70244
51570,51,570,51612
51580,51,580,36067
51590,51,590,30505
51595,51,595,29093
51600,51,600,98563
51610,51,610,122844
51620,51,620,33447
51630,51,630,45951
51640,51,640,24059
51650,51,650,51584
51660,51,660,36853
51670,51,670,37029
51678,51,678,36511
51680,51,680,37774
51683,51,683,70634
51685,51,685,71810
51690,51,690,28840
51700,51,700,50744
51710,51,710,44164
51720,51,720,38983
51730,51,730,35126
51735,51,735,85033
51740,51,740,46269
51750,51,750,29757
51760,51,760,39445
51770,51,770,38265
51775,51,775,47776
51790,51,790,42918
51800,51,800,66479
51810,51,810,65980
51820,51,820,43884
51830,51,830,50865
51840,51,840,45959
53001,53,001,41798
53003,53,003,42305
53005,53,005,60300
53007,53,007,50582
53009,53,009,46431
53011,53,011,58764
53013,53,013,45417
53015,53,015,46568
53017,53,017,52285
53019,53,019,35742
53021,53,021,51770
53023,53,023,51325
53025,53,025,45531
53027,53,027,42440
53029,53,029,59500
53031,53,031,46870
53033,53,033,71175
53035,53,035,61776
53037,53,037,41739
53039,53,039,40171
53041,53,041,43490
53043,53,043,45563
53045,53,045,48878
53047,53,047,40924
53049,53,049,40873
53051,53,051,37582
53053,53,053,59105
53055,53,055,52712
53057,53,057,56457
53059,53,059,55319
53061,53,061,68338
53063,53,063,49615
53065,53,065,42746
53067,53,067,63224
53069,53,069,45335
53071,53,071,47166
53073,53,073,51639
53075,53,075,34169
53077,53,077,44256
54001,54,001,36087
54003,54,003,53332
54005,54,005,42819
54007,54,007,31623
54009,54,009,42307
54011,54,011,37238
54013,54,013,29282
54015,54,015,33165
54017,54,017,31261
54019,54,019,34891
54021,54,021,35524
54023,54,023,40250
54025,54,025,36539
54027,54,027,28573
54029,54,029,37465
54031,54,031,34184
54033,54,033,41799
54035,54,035,41087
54037,54,037,64314
54039,54,039,45642
54041,54,041,35179
54043,54,043,34066
54045,54,045,36698
54047,54,047,22972
54049,54,049,40827
54051,54,051,40288
54053,54,053,37877
54055,54,055,34517
54057,54,057,32968
54059,54,059,34518
54061,54,061,41326
54063,54,063,39877
54065,54,065,35350
54067,54,067,38780
54069,54,069,40652
54071,54,071,34087
54073,54,073,42300
54075,54,075,32381
54077,54,077,45538
54079,54,079,56081
54081,54,081,39325
54083,54,083,37350
54085,54,085,35634
54087,54,087,27174
54089,54,089,33066
54091,54,091,40720
54093,54,093,36445
54095,54,095,37919
54097,54,097,41214
54099,54,099,36575
54101,54,101,25634
54103,54,103,37897
54105,54,105,36602
54107,54,107,42734
54109,54,109,36010
55001,55,001,42781
55003,55,003,39157
55005,55,005,44149
55007,55,007,44626
55009,55,009,53419
55011,55,011,47119
55013,55,013,39382
55015,55,015,64982
55017,55,017,50327
55019,55,019,43147
55021,55,021,57869
55023,55,023,41743
55025,55,025,61790
55027,55,027,53782
55029,55,029,48707
55031,55,031,45370
55033,55,033,47847
55035,55,035,47821
55037,55,037,44652
55039,55,039,53399
55041,55,041,40215
55043,55,043,46138
55045,55,045,55380
55047,55,047,48772
55049,55,049,55900
55051,55,051,37112
55053,55,053,43098
55055,55,055,54705
55057,55,057,45461
55059,55,059,55117
55061,55,061,55611
55063,55,063,50771
55065,55,065,49263
55067,55,067,42958
55069,55,069,48293
55071,55,071,50091
55073,55,073,53762
55075,55,075,41533
55077,55,077,44879
55078,55,078,37644
55079,55,079,43599
55081,55,081,48768
55083,55,083,50763
55085,55,085,44181
55087,55,087,57584
55089,55,089,75854
55091,55,091,49544
55093,55,093,61153
55095,55,095,49595
55097,55,097,51422
55099,55,099,42206
55101,55,101,54900
55103,55,103,44821
55105,55,105,50316
55107,55,107,38629
55109,55,109,68139
55111,55,111,52355
55113,55,113,39814
55115,55,115,45901
55117,55,117,52967
55119,55,119,44578
55121,55,121,48624
55123,55,123,44676
55125,55,125,40743
55127,55,127,54443
55129,55,129,40892
55131,55,131,66485
55133,55,133,75689
55135,55,135,49777
55137,55,137,43582
55139,55,139,51603
55141,55,141,46999
56001,56,001,42882
56003,56,003,51002
56005,56,005,77090
56007,56,007,57787
56009,56,009,62554
56011,56,011,51319
56013,56,013,48565
56015,56,015,43401
56017,56,017,41786
56019,56,019,57175
56021,56,021,54596
56023,56,023,62542
56025,56,025,55786
56027,56,027,39107
56029,56,029,51449
56031,56,031,44917
56033,56,033,52352
56035,56,035,79776
56037,56,037,72139
56039,56,039,69020
56041,56,041,59714
56043,56,043,44519
56045,56,045,53802
72001,72,001,13095
72003,72,003,15106
72005,72,005,15302
72007,72,007,13994
72009,72,009,16235
72011,72,011,16771
72013,72,013,17077
72015,72,015,16114
72017,72,017,15034
72019,72,019,14907
72021,72,021,24609
72023,72,023,16003
72025,72,025,23845
72027,72,027,17762
72029,72,029,22746
72031,72,031,29470
72033,72,033,17780
72035,72,035,20912
72037,72,037,20455
72039,72,039,13722
72041,72,041,23804
72043,72,043,16658
72045,72,045,12481
72047,72,047,15828
72049,72,049,16375
72051,72,051,28530
72053,72,053,21194
72054,72,054,16150
72055,72,055,13567
72057,72,057,17496
72059,72,059,14679
72061,72,061,34638
72063,72,063,27817
72065,72,065,18669
72067,72,067,20428
72069,72,069,19918
72071,72,071,14570
72073,72,073,17137
72075,72,075,16938
72077,72,077,18946
72079,72,079,13698
72081,72,081,12094
72083,72,083,14460
72085,72,085,19345
72087,72,087,19100
72089,72,089,20084
72091,72,091,17513
72093,72,093,12288
72095,72,095,16043
72097,72,097,15060
72099,72,099,14384
72101,72,101,14596
72103,72,103,16706
72105,72,105,16007
72107,72,107,14296
72109,72,109,14777
72111,72,111,15541
72113,72,113,17459
72115,72,115,14255
72117,72,117,16548
72119,72,119,22491
72121,72,121,15958
72123,72,123,13386
72125,72,125,15470
72127,72,127,23100
72129,72,129,17875
72131,72,131,13658
72133,72,133,18024
72135,72,135,27211
72137,72,137,23572
72139,72,139,31354
72141,72,141,14752
72143,72,143,17616
72145,72,145,16462
72147,72,147,16598
72149,72,149,16014
72151,72,151,17926
72153,72,153,14728
